ID,Date,Duration,Language,Length,Transcription
CA_001,2026-01-08,35 min,FR,medium,"Rendez-vous Mme Laurent, avocate affaires 45 ans, cliente occasionnelle. Cherche cadeau anniversaire mari 50 ans fin mars. Il est passionné golf, membre Racing Club Paris. Budget 3-4K flexible si pièce exceptionnelle. Hésite entre portefeuille et petit sac weekend pour tournois. Cuir marron ou cognac préféré, pas fan noir. Mentionné partent souvent Provence et côte basque. Mari collectionne montres vintage aussi. Elle intolérante produits chimiques forts donc attention finitions. Proposé collection capsule printemps, elle reviendra semaine prochaine avec photos mari pour mieux cibler style. Bon potentiel à rappeler fin février."
CA_002,2026-01-08,25 min,EN,medium,"Meeting with Mr. Anderson, first time customer, investment banker from London, around 38. Looking for travel bag, travels frequently Asia for work. Budget around 5K, wants something durable and elegant. He plays tennis weekends at Queens Club, mentioned Wimbledon member. Prefers black or navy leather, classic style but modern touch. Pescatarian diet noted for store events. Wife's birthday coming up in May, possible gift opportunity. Good potential client, works in Mayfair so convenient location. Follow up end of month to show new arrivals."
CA_003,2026-01-09,45 min,IT,long,"Signora Rossi e figlia insieme, cliente fedele da 2020. Signora 58 anni cerca borse nuove stagione, figlia 28 anni laureata medicina cerca regalo se stessa nuovo lavoro ospedale. Budget combinato circa 12K. Signora ama cuoio bordeaux cognac, stile classico raffinato, colleziona arte contemporanea frequenta Biennale Venezia ogni anno. Figlia preferisce stile più giovane moderno, colori vivaci, pratica yoga pilates regolare. Madre allergica nichel quindi attenzione hardware. Figlia vegetariana stretta per eventi boutique. Viaggiano insieme spesso Toscana casa vacanze famiglia. Ottimo potenziale multi-generazionale, entrambe soddisfatte servizio. Richiamare aprile pre-collezione estate, invitare evento VIP madre."
CA_004,2026-01-09,20 min,FR,short,"M. Dubois, 62 ans retraité, ancien dirigeant bancaire, client régulier. Achat rapide portefeuille cadeau gendre architecte. Budget 1500€. Cuir noir classique sobre. Gendre amateur photographie voyage beaucoup Asie Amérique Sud. Anniversaire gendre février. Client fidèle depuis 2015, achète toujours cadeaux famille ici. Satisfait comme toujours, parti rapidement."
CA_005,2026-01-10,55 min,EN,long,"Mrs. Thompson with husband, both early 50s, excellent VIP clients since 2017. She's looking for new handbag collection spring, he wants briefcase. Combined budget around 18K very flexible. She's art gallery owner, he's cardiothoracic surgeon. Both travel extensively, just returned from Maldives, planning safari Kenya in June. She loves contemporary art, collects emerging artists, attends Art Basel and Frieze regularly. He plays golf twice weekly, member of Wentworth. She prefers rose gold hardware, soft leather tones beige cognac. He wants practical functional pieces, dark colors. Both vegan diet important note for boutique lunches. Severe nut allergy for her critical for events. Daughter studying at Oxford, graduation gift opportunity May. Anniversary in September every year, always shops here. Excellent lifetime value, referred three friends already. Follow up March for private showing new collection."
CA_006,2026-01-10,30 min,ES,medium,"Sr. García, 29 años, futbolista profesional Real Madrid, primera visita. Viene con novia influencer 400K seguidores Instagram. Busca bolso regalo cumpleaños novia próxima semana. Presupuesto amplio 8-10K, quiere algo excepcional único. Ella estilo moderno colorido, no demasiado clásico. Él interesado también pequeña marroquinería hombre. Mencionó organizan eventos casa frecuentemente, anotar alergia mariscos ella para futuros cócteles boutique. Pareja joven mucho potencial, compras frecuentes probable. Invitar eventos VIP, buena visibilidad redes sociales. Seguimiento previsto después compra para fidelizar. Ella vegana estricta importante eventos."
CA_007,2026-01-13,40 min,DE,medium,"Frau Schneider, 47 Jahre, Unternehmerin Modebranche, gelegentliche Kundin. Sucht Geschenk Geschäftspartnerin 50. Geburtstag nächsten Monat. Budget um 5K flexibel. Partnerin liebt Reisen, Segelpassion, fährt oft Mittelmeer Karibik. Klassischer Stil bevorzugt, marine oder cognac Leder. Kundin selbst sammelt Design Möbel, besucht Salone Milano jährlich. Erwähnt Partnerin vegetarisch, Laktoseintoleranz für Events notieren. Tochter Kundin studiert Architektur Berlin, mögliches Geschenk Abschluss Sommer. Gutes Potenzial, empfohlen von anderer Kundin. Nachfassen Ende Februar Kollektion Vorschau. Kundin plant Event eigene Modemarke März, könnte Boutique-Kooperation interessant sein."
CA_008,2026-01-13,25 min,FR,medium,"Mme Petit et M. Petit, couple 35-38 ans, nouveaux quartier. Lui entrepreneur tech startup, elle chef de projet marketing. Cherchent cadeaux pendaison crémaillère famille amis. Budget total 10K pour 5-6 pièces variées. Goûts contemporains design épuré. Madame pratique course à pied, prépare marathon Paris avril. Monsieur amateur vin, cours sommelier le soir. Lui allergique gluten sévère pour événements boutique. Mentionné reçoivent beaucoup chez eux aiment diners. Potentiel excellent clientèle jeune dynamique. Anniversaire mariage juin chaque année. Rappeler mai pour suggestions cadeaux. Proposer programme fidélité."
CA_009,2026-01-14,50 min,EN,long,"Mr. and Mrs. Kim, Korean couple living in London, late 40s, first visit but high potential. He's hedge fund manager, she's interior designer with own firm. Looking for multiple pieces for themselves and corporate gifts. Budget very flexible, discussed around 25-30K total. He's interested in leather goods for office, she wants handbags and accessories. Both passionate about contemporary art, recently purchased piece from Frieze. They ski regularly in Alps, planning trip Verbier next month. She practices yoga daily at exclusive studio Chelsea. He plays golf, member at Sunningdale. Both follow plant-based diet mostly, she has severe shellfish allergy critical for events. Mentioned they host charity gala annually in autumn, could be boutique partnership opportunity. Son studying at Imperial College engineering, graduation gift next year. Daughter at boarding school Switzerland. Excellent network, could refer many clients. Follow up in two weeks with personalized selection. Invite to VIP events, they appreciate exclusivity."
CA_010,2026-01-14,35 min,FR,medium,"Mme Bertrand, 55 ans, médecin cardiologue, cliente régulière depuis 2019. Renouvelle collection sacs travail, cherche modèle élégant professionnel. Budget 5-6K. Préfère cuirs discrets noir marine, fonctionnalité importante. Végétarienne noter pour déjeuners VIP. Voyage régulièrement congrès médicaux Europe Asie. Fille termine études médecine Bordeaux, diplomation juillet opportunité cadeau. Mari architecte, anniversaire mari septembre pourrait intéresser maroquinerie homme. Excellente cliente, achète 2-3 pièces par an, toujours satisfaite. Collectionne photographie contemporaine Helmut Newton fan. Rappeler juin preview collection été. Mentionné planifie grand voyage Japon octobre, besoin bagage qualité."
CA_011,2026-01-15,30 min,IT,medium,"Signor Conti, 33 anni, imprenditore crypto Bitcoin, nuovissimo cliente. Prima visita, vuole investire pezzi qualità dopo successo finanziario recente. Budget aperto circa 15K oggi. Stile giovane moderno ma apprezza artigianalità. Interessato borse viaggio, piccola pelletteria, accessori. Pratica kitesurf, viaggia spesso Caraibi Bali spot migliori. Colleziona NFT arte digitale, segue tendenze tech. Vegano scelta etica per eventi. Nessuna allergia. Menzionato compagna influencer beauty 800K followers possibile visibilità social. Ottimo potenziale nuovo segmento clientela giovane ricca. Invitare eventi esclusivi. Follow-up settimana prossima mostrare nuovi arrivi. Apprezza innovazione sostenibilità materiali."
CA_012,2026-01-15,45 min,ES,long,"Sra. Martínez y madre juntas, clientas ocasionales. Sra. 42 años abogada, madre 68 años jubilada profesora universidad. Buscan regalos múltiples: madre busca bolso hija, hija busca regalo madre y marido. Presupuesto combinado 14K aproximadamente. Madre estilo clásico elegante, colecciona libros raros primera edición, frecuenta subastas. Hija estilo profesional sofisticado, práctica tenis club local, viaja frecuente trabajo Buenos Aires Madrid. Madre prefiere cuero cognac burdeos, hija negro navy. Marido hija arquitecto pasión vela, compete regatas verano. Madre vegetariana, hija pescetariana para eventos. Hija alergia níquel importante hardware. Mencionaron aniversario boda hija junio cada año, madre cumpleaños octubre. Familia unida, potencial compras multi-generacional excelente. Llamar abril presentar colección verano privada. Invitar madre eventos culturales boutique aprecia arte."
CA_013,2026-01-16,20 min,FR,short,"M. Lefevre, 70 ans, retraité ancien ambassadeur, client fidèle depuis 2012. Achat cadeau petite-fille 25 ans nouveau travail cabinet consulting. Budget 2500€. Petite-fille style jeune moderne, voyage beaucoup professionnellement. Cuir noir pratique élégant. Client toujours satisfait, jamais problème. Petite-fille végétarienne. Parti content. Rappeler novembre cadeaux Noël famille comme chaque année."
CA_014,2026-01-16,55 min,EN,long,"Ms. Johnson, 36, tech entrepreneur sold startup last year, new ultra-high potential client. Looking to build complete luxury wardrobe accessories after financial success. Budget extremely flexible, discussed 40K+ for initial purchases. She's interested in handbags full range, small leather goods, travel pieces. Passionate about equestrian sports, competes dressage regularly, member exclusive club Cotswolds. Travels constantly for angel investing, just back from Silicon Valley, planning Dubai next month. Collects contemporary art, particularly female artists, attends Art Basel Miami. Practices meditation daily, wellness retreat Bali quarterly. Vegan lifestyle choice, no animal products important note. Severe latex allergy critical for events. Single, no children but mentioned younger sister graduating university June gift opportunity. Hosts networking events for female entrepreneurs monthly could be boutique partnership. Excellent social media presence 200K followers lifestyle content, potential brand visibility. Very interested in sustainability, asked about materials sourcing transparency. Follow up weekly with curated selections. Invite all VIP events. Assign dedicated advisor for ongoing relationship. Asked about bespoke personalization options. This is transformational client, treat as top priority."
CA_015,2026-01-17,30 min,DE,medium,"Herr und Frau Weber, beide 52 Jahre, regelmäßige Kunden seit 2018. Er Chirurg Universitätsklinik, sie Galeristin eigene Galerie zeitgenössische Kunst. Suchen Geschenke Hochzeitstag 25 Jahre nächsten Monat. Budget zusammen 8-10K. Sie liebt moderne Kunst, kuratiert Ausstellungen junge Künstler. Er spielt Golf Wochenende, Mitglied lokaler Club. Beide reisen gern kulturelle Städte, nächste Reise Florenz Biennale geplant Mai. Sie bevorzugt außergewöhnliche Stücke, cognac rosé Gold. Er klassisch funktional schwarz navy. Beide Vegetarier für Events. Sie Nickelallergie beachten Hardware. Tochter studiert Medizin folgt Vater Schritte, Sohn Architekt Berlin. Exzellente Kunden, kaufen regelmäßig, empfehlen Freunde. Nachfassen März private Vorschau neue Kollektion. Interesse an Künstlerkooperationen limitierte Editionen."
CA_016,2026-01-17,25 min,FR,medium,"Mme Rousseau, 44 ans, directrice communication grand groupe, nouvelle cliente. Cherche sac professionnel élégant polyvalent. Budget 4K environ. Style moderne épuré, cuir noir ou navy. Pratique course à pied, marathons réguliers, prépare Berlin septembre. Amateur photographie voyage, Instagram 50K followers lifestyle running. Végane convictions éthiques pour événements. Pas allergies. Mentionné changement vie récent divorce, renouvelle complètement style personnel. Opportunité accompagner transformation. Mari ancien collectionne montres mais plus pertinent. Fils adolescent passion skate. Bon potentiel nouveau départ vie, à suivre attentivement. Rappeler mars montrer nouveautés printemps."
CA_017,2026-01-20,40 min,IT,medium,"Signora Bianchi e marito, 58 e 62 anni, clienti VIP dal 2015. Lei cerca borse nuova stagione, lui accessori viaggio. Budget flessibile 16K discusso. Lei gallerista arte contemporanea Milano, organizza mostre artisti emergenti. Lui imprenditore moda in pensione, consulente ancora. Entrambi amano opera, abbonamento Teatro alla Scala. Viaggiano lusso frequente, prossimo viaggio Giappone aprile cerimonia sakura. Lei preferisce eleganza discreta beige cognac, colleziona sculture moderne. Lui stile classico senza tempo nero marrone. Entrambi pescetariani per eventi boutique. Lei intollerante lattosio importante. Figlia sposata architetto Londra, nipote nascerà estate regalo opportunità. Figlio direttore creativo casa moda Parigi. Famiglia eccellente rete contatti, hanno riferito molti clienti. Richiamare febbraio anteprima esclusiva primavera. Interessati collaborazioni artisti pezzi unici."
CA_018,2026-01-20,35 min,EN,medium,"Mr. Davis, 41, professional tennis player recently retired, new client high potential. Looking for lifestyle pieces post-sports career, starting coaching academy. Budget around 12K initial. Wants travel bags, small leather goods, professional pieces for coaching. Still plays tennis daily, member multiple clubs, attends Wimbledon every year. Passionate about wine, taking sommelier courses, planning vineyard visit Bordeaux. Wife's birthday coming March, married to physiotherapist. Follows plant-based diet athlete habits. No allergies. Mentioned starting foundation for young athletes, could be partnership opportunity boutique. Good media presence former professional, 300K followers social media. Interested in durability quality pieces for active lifestyle. Follow up in month with personalized selection. Invite to sports-related VIP events."
CA_019,2026-01-21,50 min,FR,long,"M. et Mme Moreau, couple 48-50 ans, excellents clients depuis 2016. Achat multiple pièces collection printemps plus cadeaux famille. Budget combiné 20K très flexible. Lui dirigeant entreprise familiale vins Bordeaux, elle architecte intérieur projets haut de gamme. Tous deux passionnés voile, possèdent yacht, participent régates Méditerranée été. Collectionnent art contemporain, maison remplie œuvres, fréquentent toutes foires importantes. Voyagent constamment affaires plaisir, prochains voyages Napa Valley puis Toscane. Elle adore design scandinave minimaliste, préfère cuirs naturels beige gris. Lui style plus traditionnel classique, cognac marine. Les deux végétariens pour événements. Lui allergie fruits coque sévère crucial événements. Trois enfants: aîné reprend entreprise familiale, cadette étudie œnologie, benjamin lycée passionné musique. Anniversaire mariage juillet chaque année shopping rituel. Potentiel vie entière exceptionnel, réseau important vignobles luxe. Rappeler avril preview privée exclusive. Proposer collaboration événement vendanges boutique château possibilité."
CA_020,2026-01-21,30 min,ES,medium,"Sra. López, 39 años, influencer moda lifestyle 2M seguidores Instagram TikTok, primera visita importante. Busca piezas contenido redes sociales y uso personal. Presupuesto 10-12K hoy, potencial compras regulares. Estilo moderno trendy pero aprecia calidad artesanía. Interesada bolsos statement, accesorios únicos, pequeña marroquinería. Viaja constantemente eventos moda, semanas moda París Milán Nueva York. Practica pilates yoga diario, wellness contenido también. Vegana estricta valores éticos fuertes para eventos. Sin alergias. Mencionó colaboraciones marcas importante visibilidad, posible partnership boutique contenido redes. Novio empresario tech también influencia. Excelente potencial nuevo cliente segmento joven, gran alcance social media. Follow-up inmediato después compra fidelizar. Invitar todos eventos VIP, aprecia exclusividad contenido. Interesada sostenibilidad transparencia materiales proceso."
CA_021,2026-01-22,25 min,FR,medium,"M. Bernard, 56 ans, chirurgien orthopédique, client occasionnel. Cherche cadeau épouse 25 ans mariage mois prochain. Budget 6K flexible. Épouse professeur piano conservatoire, passionnée musique classique opéra. Elle voyage souvent concerts Europe. Style élégant classique, préfère bordeaux navy. Épouse végétarienne pour événements. Mentionné fils étudiant médecine Strasbourg, fille architecte Lyon. Anniversaire épouse mars rappeler février. Satisfait achat précédent il y a deux ans. Bon client potentiel occasions familiales."
CA_022,2026-01-22,40 min,EN,medium,"Ms. Rodriguez, 31, startup founder raised Series B funding, new client excellent potential. Looking for professional wardrobe upgrade post-fundraising. Budget 15K flexible. She's building fintech company, works between London and NYC. Passionate about sailing, weekend racer member yacht club. Collects modern art prints, follows emerging Latin American artists. Travels constantly investor meetings, next trip San Francisco then Mexico City. Vegan lifestyle choice for events. Shellfish allergy note for boutique lunches. Mentioned younger brother getting married summer, gift opportunity. Very interested sustainability, asked about supply chain transparency materials. Good social media presence tech circles 80K followers. Follow up two weeks with curated selection. Potential excellent long-term client, scaling company fast."
CA_023,2026-01-23,30 min,DE,medium,"Herr Fischer, 44 Jahre, Investmentbanker Frankfurt, regelmäßiger Kunde seit 2019. Kauft Geschenke Ehefrau Geburtstag April. Budget 7-8K. Ehefrau Innenarchitektin, liebt Design Bauhaus mid-century. Sie praktiziert Pilates täglich, Mitglied exklusives Studio. Reisen oft kulturelle Städte, nächste Reise Kopenhagen Design Week geplant. Sie bevorzugt minimalistische Ästhetik, beige grau schwarz. Pescetarier beide für Events. Keine Allergien. Zwei Töchter Teenager, älteste interessiert Mode könnte zukünftige Kundin. Kunde immer zufrieden Service, empfohlen Kollegen bereits. Nachfassen März Vorschau Frühjahrskollektion. Interesse Designerkooperationen limitierte Stücke."
CA_024,2026-01-23,50 min,IT,long,"Signora e Signor Ferrara, coppia 42-45 anni, clienti VIP 2017. Acquisto multiplo collezione primavera e regali famiglia. Budget combinato 22K molto flessibile. Lei avvocato societario Milano, lui imprenditore immobiliare. Entrambi appassionati tennis, membri Tennis Club Milano, competono tornei amatoriali. Collezionano fotografia vintage italiana, casa piena opere Ghirri Basilico. Viaggiano lusso frequente, prossimi viaggi New York poi safari Tanzania estate. Lei eleganza moderna sofisticata, preferisce nero cognac rosé gold. Lui stile classico senza tempo, marrone navy argento. Entrambi pescetariani per eventi boutique. Lui intolleranza lattosio importante. Due figli: figlia 18 studia economia Bocconi potenziale cliente futura, figlio 15 passione calcio. Anniversario matrimonio settembre ogni anno shopping rituale. Eccellenti clienti lifetime value, riferito numerosi amici. Richiamare marzo anteprima esclusiva privata. Interessati personalizzazione monogrammi pezzi speciali."
CA_025,2026-01-24,20 min,FR,short,"Mme Girard, 38 ans, dentiste, nouvelle cliente. Achat rapide sac travail professionnel. Budget 3500€. Style sobre élégant noir. Pratique course pied régulièrement. Pas allergies mentionnées. Satisfaite achat, demandé programme fidélité informations. Rappeler dans deux mois nouveautés. Potentiel correct."
CA_026,2026-01-24,45 min,ES,long,"Sr. Ramírez y esposa, 50-52 años, excelentes clientes desde 2016. Compra importante aniversario 20 años matrimonio próximo mes. Presupuesto muy generoso 18-20K. Él empresario construcción proyectos lujo, ella directora marketing empresa cosmética. Ambos pasión golf, miembros club exclusivo, viajan torneos internacionales. Coleccionan arte latinoamericano contemporáneo, asisten Art Basel Miami cada año. Viajan constantemente negocios placer, próximos destinos Aspen esquí luego Caribe vela. Ella prefiere elegancia sofisticada, cuero cognac beige hardware dorado. Él clásico funcional, negro marón plata. Ambos pescetarianos eventos. Ella alergia níquel crítica hardware. Tres hijos adultos: hijo mayor arquitecto Barcelona, hija mediana abogada Madrid, menor estudiante universidad. Familia unida, potencial multi-generacional excelente. Llamar febrero preview privada exclusiva colección. Mencionaron planean fiesta aniversario grande mayo, posible colaboración boutique evento. Red extensa contactos empresariales, referido muchos clientes."
CA_027,2026-01-27,35 min,EN,medium,"Mr. Chen, 47, hedge fund manager Hong Kong based, excellent new client. First visit but very high potential. Looking for gifts wife and business associates. Budget 20K discussed flexible. Wife interior designer, passionate about contemporary Asian art, attends Hong Kong Art Basel. He plays golf regularly, member exclusive club Peak. They travel luxury extensively, homes Hong Kong London. Wife prefers modern elegant pieces, rose gold neutral tones. Vegan both lifestyle choice events. No allergies. Mentioned two children studying abroad UK universities, graduation gifts opportunities coming years. Anniversary in August annually. Excellent network finance luxury circles, could refer many. Follow up next week personalized selection. Invite to VIP events when in town. Asked about bespoke customization options interested."
CA_028,2026-01-27,30 min,FR,medium,"M. Dubois et fille, 65 et 32 ans, clients réguliers. Lui retraité ancien dirigeant telecom, elle avocate droit affaires. Shopping ensemble cadeaux famille événement familial. Budget combiné 11K. Fille style professionnel moderne, pratique yoga, voyage souvent travail Bruxelles. Père style classique traditionnel. Fille végétarienne père pescetarien événements. Fille allergique latex important. Mentionné petit-fils père né récemment, cadeau baptême opportunité. Épouse père collectionne bijoux anciens. Excellente relation multi-générationnelle, shopping rituel régulier. Rappeler avril nouveautés."
CA_029,2026-01-28,40 min,DE,medium,"Frau Meyer, 39 Jahre, tech entrepreneur Berlin startup unicorn, neue Kundin hohes Potenzial. Sucht Luxusaccessoires nach erfolgreichem Exit. Budget sehr flexibel 25K+ besprochen. Modern-professioneller Stil, schätzt Qualität Handwerk. Interessiert Handtaschen Kollektion, Kleinlederwaren, Reisestücke. Leidenschaftlich Triathlon, trainiert täglich, Ironman-Wettbewerbe international. Sammelt digitale Kunst NFTs, folgt Tech-Trends. Vegane Ernährung ethische Wahl Events. Keine Allergien. Partner ebenfalls Tech-Entrepreneur, beide einflussreich Startup-Szene. Plant Hochzeit Herbst, Hochzeitsgeschenke Opportunity. Ausgezeichnetes Potenzial neues Kundensegment wohlhabende junge Tech. Follow-up sofort nach Kauf. VIP-Events einladen. Sehr interessiert Nachhaltigkeit, fragte nach Materialherkunft Transparenz. Möchte langfristige Beziehung aufbauen."
CA_030,2026-01-28,50 min,IT,long,"Famiglia Ricci completa, tre generazioni shopping insieme evento speciale. Nonna 72 anni, genitori 48-50, figlia 22 anni, figlio 19 anni. Budget familiare combinato eccezionale 28K+. Nonna eleganza classica senza tempo, colleziona porcellane antiche frequenta aste. Madre architetto progetta ville lusso, padre cardiologo. Entrambi genitori appassionati vela, possiedono barca, participano regate estate. Figlia appena laurea economia Bocconi, cerca pezzi vita professionale inizia. Figlio studia ingegneria Politecnico appassionato tecnologia. Nonna preferisce cognac bordeaux stile tradizionale. Genitori moderno sofisticato, madre beige grigio, padre nero marrone. Figlia stile giovane trendy ma qualità. Nonna vegetariana, genitori pescetariani, figli onnivori eventi. Madre allergia nichel hardware importante. Famiglia unita tradizione shopping lusso insieme, potenziale multi-generazionale straordinario. Celebrano matrimonio genitori anniversario 25 anni, compleanno nonna 73 ottobre. Rete sociale estesa professionale alto livello, riferito amici già. Richiamare marzo preview esclusiva primavera estate. Interessati pezzi personalizzati storia famiglia incisione. Cliente eccezionale lifetime value altissimo priorità massima."
CA_031,2026-01-29,25 min,FR,medium,"Mme Fontaine, 43 ans, consultante stratégie, cliente occasionnelle. Cherche cadeau sœur 40 ans manager finance. Budget 4K. Sœur adore voyages aventure, trek régulier Himalaya Patagonie. Style pratique élégant, cuir noir marron. Sœur végétarienne. Anniversaire sœur février prochain. Cliente satisfaite achats précédents. Mentionné mère 70 ans anniversaire été pourrait revenir. Rappeler avril."
CA_032,2026-01-29,45 min,EN,long,"Dr. Patel and husband, both 38, first-time clients exceptional potential. She's plastic surgeon Harley Street, he's barrister specializing corporate law. Looking for professional pieces and gifts. Budget 17K very flexible. She's passionate about wellness, practices yoga daily teacher training, attends wellness retreats quarterly Bali. He plays cricket weekends, member MCC Lords. Both collect contemporary Indian art, attend India Art Fair Delhi. Travel extensively medical conferences legal work, next trips Mumbai then Singapore. She prefers elegant professional pieces, rose gold soft leathers. He wants classic functional dark colors. Both follow Ayurvedic diet principles, vegetarian for events. She has severe peanut allergy critical for boutique events. Mentioned planning family soon, could be long-term relationship. Anniversary in November annually. Excellent network professional medical legal circles, potential many referrals. Follow up in two weeks curated selection. Invite VIP events especially cultural art-related. Very interested ethical sourcing sustainability, asked detailed questions materials."
CA_033,2026-01-30,30 min,ES,medium,"Sr. Torres, 28 años, DJ productor musical éxito internacional, nuevo cliente potencial alto. Busca piezas statement estilo personal y regalo novia cantante. Presupuesto 12K hoy futuro más. Estilo moderno urbano trendy pero aprecia artesanía calidad. Viaja constantemente festivales música mundial, próximos Tomorrowland Coachella. Colecciona vinilos raros música electrónica. Novia influencer música 1M seguidores posible visibilidad. Vegano estricto ético eventos. Sin alergias. Mencionó planea crear propia marca ropa streetwear, posible colaboración boutique futuro. Excelente potencial nuevo segmento clientela joven rica creativa. Muy activo redes sociales 800K followers. Follow-up inmediato fidelizar. Invitar eventos exclusivos música relacionados. Interesado innovación materiales tecnología wearable."
CA_034,2026-01-30,35 min,DE,medium,"Herr und Frau Hoffmann, beide 55 Jahre, treue Kunden seit 2014. Kaufen Geschenke Silberhochzeit nächsten Monat. Budget 14K. Beide Ärzte, er Neurologe sie Radiologin eigene Praxis. Leidenschaftlich Wandern Berge, jährliche Reisen Alpen Dolomiten. Sammeln alpine Kunst Fotografie Berge. Reisen auch kulturell, nächste Reise Wien Opernfestival. Sie eleganter klassischer Stil, bevorzugt navy cognac. Er praktisch funktional, schwarz braun. Beide Vegetarier Events. Keine Allergien. Zwei Kinder erwachsen, Tochter Ärztin Hamburg Sohn Ingenieur München. Familie eng, Hochzeit Tochter Sommer Geschenk Opportunity. Exzellente Kunden, kaufen regelmäßig, sehr zufrieden immer. Nachfassen März private Vorschau. Schätzen Qualität Langlebigkeit, interessiert Handwerkskunst Herstellungsprozess."
CA_035,2026-01-31,40 min,IT,medium,"Signor Marino, 51 anni, imprenditore moda Milano, cliente regolare 2018. Acquista regali moglie compleanno e figlia laurea. Budget 15K flessibile. Moglie stilista brand proprio, ama moda avant-garde contemporanea. Figlia 25 anni laureata design Politecnico cerca primo lavoro. Moglie frequenta settimane moda tutte città, colleziona pezzi designer emergenti. Figlia appassionata sostenibilità eco-design. Famiglia pratica sci inverno vela estate. Moglie preferisce pezzi unici statement colorati audaci. Figlia stile minimale sostenibile. Moglie pescetariana figlia vegana eventi. Figlia allergia nichel importante. Mentionato figlio maschio 28 lavora finanza Londra, possibile cliente futuro. Anniversario matrimonio settembre. Cliente ottimo rete contatti moda lusso, riferito diversi amici. Richiamare febbraio anteprima esclusiva. Interessato collaborazioni designer italiani emergenti edizioni limitate."
CA_036,2026-01-31,25 min,FR,medium,"M. Simon, 59 ans, entrepreneur import-export, client occasionnel. Cherche cadeau épouse anniversaire 30 ans mariage. Budget 8K. Épouse galeriste art africain contemporain, organise expositions. Elle voyage fréquent Afrique recherche artistes. Style élégant bohème, aime couleurs tissus africains. Épouse végane convictions éthiques événements. Anniversaire mars. Client satisfait service, mentionné épouse collectionne sculptures bois africain. Fils travaille ONG environnement. Rappeler février montrer sélection."
CA_037,2026-02-03,50 min,EN,long,"Mrs. Wilson and daughter shopping together, excellent multi-generational clients. Mother 67 retired publisher, daughter 39 environmental lawyer. Combined budget 19K. Mother elegant classic style, collects rare books first editions, attends literary events auctions. Daughter modern professional sophisticated, practices marathon running training for London Marathon. Mother prefers burgundy cognac traditional pieces. Daughter wants functional elegant black navy. Both passionate about sustainability conservation, daughter works environmental NGO part-time pro bono. Mother vegetarian daughter vegan strict for events. Daughter latex allergy important. Mentioned mother's 70th birthday coming this year in June, big celebration planned family gathering. Daughter's husband architect, son 8 years daughter 5 years. Family very close, regular shopping tradition together. Mother's anniversary in October annually. Excellent lifetime value multi-generational, referred friends family already. Follow up March private preview spring collection. Very interested ethical sourcing, daughter asked detailed questions supply chain carbon footprint. Could be advocates for sustainable luxury line if developed."
CA_038,2026-02-03,30 min,ES,medium,"Sra. Ruiz, 45 años, cardióloga hospital privado, nueva cliente buen potencial. Busca renovar accesorios profesionales después ascenso jefa departamento. Presupuesto 9K flexible. Estilo profesional elegante discreto, prefiere negro navy cognac. Practica natación competitiva master, entrena madrugadas antes trabajo. Viaja conferencias médicas Europa Asia frecuente. Colecciona fotografía médica histórica curiosidad profesional. Vegetariana estricta eventos. Alergia látex importante nota. Mencionó hija adolescente 16 estudia piano conservatorio podría interesar accesorios jóvenes futuro. Marido arquitecto también potencial cliente. Aniversario matrimonio julio cada año. Buen potencial largo plazo profesional establecida. Llamar marzo mostrar novedades primavera."
CA_039,2026-02-04,45 min,DE,long,"Frau und Herr Zimmermann, 43-46 Jahre, exzellente neue Kunden hohes Potenzial. Sie Galeristin zeitgenössische Kunst Hamburg, er Unternehmer Tech-Sektor. Suchen Luxusaccessoires nach erfolgreichen Geschäftsjahr beide. Budget großzügig 24K sehr flexibel. Sie kuratiert Ausstellungen internationale Künstler, besucht alle wichtigen Kunstmessen weltweit. Er Tech-Startup verkauft letztes Jahr, jetzt Angel Investor. Beide leidenschaftlich Segeln, besitzen Yacht Ostsee, Regatta-Teilnahme Sommer. Sammeln digitale Kunst traditionelle Kunst Kombination. Reisen ständig geschäftlich privat, nächste Trips San Francisco Art Basel. Sie modern avantgarde Stil, bevorzugt außergewöhnliche Stücke rosé Gold. Er klassisch funktional, schwarz navy silber. Beide Pescetarier Events. Er Glutenunverträglichkeit wichtig. Zwei Kinder, Tochter 12 Sohn 9, internationale Schule. Planen umziehen Berlin expandieren Geschäfte. Hochzeitstag Dezember jährlich. Ausgezeichnetes Netzwerk Kunst Tech Kreise, können viele verweisen. Sofort Follow-up wöchentlich kuratierte Auswahl. VIP-Events einladen besonders Kunst bezogen. Sehr interessiert Künstlerkooperationen limitierte Editionen Investitionsstücke. Fragen nach Wertsteigerung Sammelpotenzial bestimmter Stücke. Top-Priorität Kundenbeziehung entwickeln."
CA_040,2026-02-04,35 min,FR,medium,"Mme Blanc et mari, 51-54 ans, clients fidèles 2016. Achat multiple collection printemps et cadeaux anniversaires enfants. Budget combiné 16K. Elle avocate droit famille cabinet propre, lui chirurgien maxillo-facial. Tous deux passionnés équitation, possèdent chevaux, compétitions dressage régionales. Voyagent équitation Europe, prochaine compétition Aachen. Collectionnent art équestre peintures sculptures chevaux. Elle élégance classique raffinée, préfère cognac bordeaux or. Lui style sobre fonctionnel, noir marron argent. Tous deux pescetariens événements. Elle allergie nickel hardware attention. Trois enfants adultes maintenant, fils aîné vétérinaire, fille médecin, benjamin étudiant droit suit mère. Anniversaire mariage mai chaque année rituel shopping. Excellents clients lifetime value, réseau équestre haut niveau, référé plusieurs. Rappeler mars preview exclusive. Intéressés collaboration équestre événements sponsoring possibilité."
CA_041,2026-02-05,20 min,FR,short,"M. Renaud, 41 ans, directeur commercial, première visite. Cherche cadeau épouse Saint-Valentin urgent dans deux jours. Budget 3K. Épouse aime voyages yoga. Style moderne. Cuir noir. Pressé beaucoup. Végane épouse. Satisfait achat rapide. Rappeler prochain événement."
CA_042,2026-02-05,35 min,EN,medium,"Mrs. Hamilton, 52, philanthropy director foundation, regular client. Shopping for gala charity event next week needs elegant evening pieces. Budget 7K. She organizes fundraising events regularly, this one opera house benefit. Passionate about classical music, board member philharmonic. Travels cultural events Europe. Prefers elegant timeless pieces rose gold burgundy. Pescatarian for events. Mentioned annual gala September every year always shops here for it. Good client consistent. Follow up next month spring arrivals. Interested in boutique sponsoring foundation events possibility."
CA_043,2026-02-06,40 min,IT,medium,"Signor Galli, 36 anni, giornalista moda Vogue Italia, primo cliente alto potenziale. Cerca pezzi shooting editoriali e uso personale. Budget 9K. Stile avanguardia creativo, apprezza innovazione design. Viaggia settimane moda tutte città mondiali. Colleziona libri moda vintage rarità. Pratica yoga meditazione routine quotidiana. Vegano stretto eventi. Senza allergie. Menzionato contatti industry vasti, possibile visibilità editoriale boutique. Fidanzato fotografo moda anche influenza. Ottimo potenziale networking moda. Follow-up immediato fidelizzazione. Invitare eventi VIP lanci. Interessato collaborazioni editoriali shooting location boutique."
CA_044,2026-02-06,25 min,ES,medium,"Sra. Mendoza, 48 años, empresaria retail moda, cliente ocasional. Compra regalos equipo trabajo aniversario empresa. Budget 8K para 4 piezas. Empresa celebra 10 años. Quiere piezas elegantes clásicas variadas. Cuero negro cognac navy. Equipo mixto hombres mujeres. Mentionó eventos corporativos frecuentes, posible partnership boutique futuros regalos. Vegetariana algunos empleados eventos. Satisfecha servicio atención. Llamar septiembre siguiente aniversario. Interesada programa corporate gifts."
CA_045,2026-02-07,45 min,DE,long,"Herr Schulz, 58 Jahre, Dirigent Symphonieorchester München, neuer Kunde ausgezeichnet. Sucht Geschenk Ehefrau 30. Hochzeitstag großes Ereignis Familie. Budget sehr großzügig 12K flexibel. Ehefrau Cellistin Orchester auch, beide leidenschaftlich klassische Musik leben dafür. Reisen Konzerte weltweit, nächste Tournee Japan China. Sammeln Musikinstrumente antik, Haus voll historische Stücke. Ehefrau liebt japanische Ästhetik minimalistisch elegant, bevorzugt subtile Farben beige grau rosé Gold. Beide Vegetarier Events. Keine Allergien. Zwei Kinder erwachsen, Tochter Pianistin Paris Sohn Architekt Berlin. Feier Hochzeitstag groß April Familie Freunde Kollegen. Kunde sehr zufrieden Service, erwähnt viele Freunde Kulturkreise könnten interessieren. Nachfassen März. Interessiert Boutique Event Sponsoring Konzert Saison möglich. Exzellentes Netzwerk Kultur Musik."
CA_046,2026-02-07,30 min,FR,medium,"Mme Leroy, 33 ans, influenceuse lifestyle Instagram 600K, nouvelle cliente potentiel élevé. Cherche pièces contenu social et usage personnel. Budget 11K aujourd'hui. Style moderne féminin élégant, apprécie qualité artisanat. Voyage constamment contenu destinations luxe. Pratique pilates yoga quotidien wellness contenu aussi. Végane stricte valeurs éthiques événements. Aucune allergie. Fiancé entrepreneur tech aussi influence. Mariage planifié été, opportunités contenus collaborations. Excellente potentielle visibilité réseaux sociaux. Follow-up immédiat fidélisation. Inviter événements VIP exclusivité apprécie. Très intéressée durabilité transparence matériaux histoire artisans. Pourrait devenir ambassadrice marque si relation développée bien."
CA_047,2026-02-10,35 min,EN,medium,"Mr. and Mrs. Foster, 45-47, corporate clients excellent. Looking for business gifts top performers company annual awards. Budget 20K for 8 pieces. He CEO consulting firm, she CFO tech company. Want elegant professional pieces varied. Mix men women recipients different tastes. Mentioned company hosts annual gala awards December, could be ongoing partnership opportunity. Both vegan some staff dietary considerations events. Follow up quarterly for ongoing gifting needs. Excellent corporate relationship potential. Asked about bulk ordering customization options monograms company logo subtle. Very satisfied service professionalism."
CA_048,2026-02-10,40 min,IT,medium,"Signora Colombo, 60 anni, collezionista arte importante, cliente VIP 2013. Acquista regalo nipote laureata economia Bocconi summa cum laude. Budget generoso 8K. Nipote 25 anni inizia lavoro consulenza Milano, serve pezzi professionali eleganti. Nonna colleziona arte moderna contemporanea, casa galleria privata. Nipote stile giovane professionale sofisticato, pratica corsa maratone. Cuoio nero cognac funzionale elegante. Nipote vegetariana eventi. Allergia nichel nipote importante. Nonna orgogliosissima nipote, menzionato altro nipote maschio studia medicina, laurea prossimo anno opportunità. Famiglia unita benestante, nonna generosa regali sempre qualità. Richiamare maggio nuova collezione estate. Cliente eccezionale lifetime value, rete sociale alto livello arte cultura."
CA_049,2026-02-11,25 min,FR,medium,"M. Martin, 50 ans, banquier affaires, client régulier. Achat cadeau fille 21 ans anniversaire. Budget 4500€. Fille étudie design mode Londres Central Saint Martins. Style jeune créatif moderne apprécie avant-garde. Fille pratique danse contemporaine. Cuir cognac rosé gold. Fille végane génération Z valeurs. Anniversaire mars prochain. Client fidèle achats réguliers famille. Fils aussi étudiant architecture pourrait intéresser futur. Rappeler été."
CA_050,2026-02-11,50 min,ES,long,"Sr. y Sra. Navarro, 52-54 años, clientes excelentes desde 2015. Compra importante viaje aniversario 25 matrimonio crucero Mediterráneo mes próximo. Presupuesto combinado 18K muy flexible. Él empresario viñedos Rioja productor vino, ella sommelier reconocida restaurante estrella Michelin. Ambos pasión vino gastronomía, viajan rutas vino mundial constantemente. Coleccionan etiquetas vino raras vintage. Crucero lujo para con grupo amigos íntimos parejas similar perfil. Ella elegancia sofisticada, prefiere cognac beige hardware dorado. Él clásico funcional, negro marrón plata. Ambos pescetarianos eventos. Él alergia mariscos severa crítico eventos boutique. Tres hijos adultos: hijo mayor enólogo continúa negocio familia, hija chef París, menor sommelier formación. Familia unida negocio vino generaciones. Aniversario julio cada año ritual compras. Red extensa contactos gastronomía lujo enología, referido muchos clientes. Llamar mayo preview privada verano. Mencionaron planean evento vendimia septiembre viñedo grande, posible colaboración boutique regalos invitados VIP. Cliente prioritario lifetime value altísimo."
CA_051,2026-02-12,30 min,DE,medium,"Frau Koch, 44 Jahre, Architektin eigenes Büro, regelmäßige Kundin. Kauft Geschenk Geschäftspartnerin gemeinsames Projekt erfolgreich abgeschlossen. Budget 5K. Partnerin liebt Reisen Fotografie, dokumentiert Architektur weltweit. Stil modern minimalistisch funktional. Schwarz navy bevorzugt. Kundin selbst sammelt Designobjekte Bauhaus. Partnerin Vegetarierin. Projekt Fertigstellung nächste Woche. Zufrieden immer Service. Erwähnt großes Projekt kommend international könnte mehr Geschenke Team. Nachfassen März. Interessiert Firmenrabatt Mengenbestellungen."
CA_052,2026-02-12,45 min,EN,long,"Dr. and Mrs. Montgomery, both 56, long-time VIP clients since 2012. Shopping for daughter's wedding gifts bridesmaids and family. Combined budget 25K+ very generous. He's orthopedic surgeon, she's retired former diplomat. Daughter getting married June destination wedding Tuscany. Looking for gifts 6 bridesmaids, mother of groom, special pieces family members. Daughter works UN sustainable development passionate ethics. Bridesmaids age range 28-32 varied tastes. Mother groom Italian traditional elegant. Both passionate about opera theater, season ticket holders. Travel extensively cultural trips, just back from Prague planning Vienna. She prefers classic elegant pieces rose gold burgundy cognac. He wants quality timeless pieces. Both vegetarian for events. She has severe nut allergy critical boutique events. Mentioned son studying medicine Oxford, graduation next year gift opportunity. Wedding June big family affair 200 guests. Excellent lifetime value family occasions always shop here. Follow up April final selections confirm. Very interested ethical sourcing for daughter's values, asked detailed questions supply chain workers conditions. Could be advocates sustainable luxury line. Top priority clients maintain relationship carefully."
CA_053,2026-02-13,20 min,FR,short,"Mme Perrin, 39 ans, avocate, nouvelle. Achat urgent cadeau collègue départ retraite. Budget 2K. Collègue homme 65 ans aime golf voyages. Cuir marron classique. Simple rapide. Contente. Reviendra."
CA_054,2026-02-13,40 min,IT,medium,"Signor e Signora De Luca, 47-49 anni, clienti fedeli 2017. Comprano regali genitori anniversario 50 anni matrimonio celebrazione grande famiglia. Budget 14K. Genitori anziani 75-77 anni, stile classico tradizionale elegante. Madre ama giardinaggio fiori, padre appassionato storia libri antichi. Celebrazione aprile villa lago Como, famiglia allargata 50 persone. Coppia stessa entrambi avvocati studio legale proprio. Viaggiano frequente lavoro Europa. Lei eleganza moderna, lui classico funzionale. Entrambi pescetariani eventi. Nessuna allergia. Due figli adolescenti studiano liceo. Famiglia molto unita, tradizioni importanti. Ottimi clienti, comprano regolare occasioni famiglia. Richiamare marzo coordinare consegna villa. Interessati possibilità personalizzazione incisione messaggio genitori speciale."
CA_055,2026-02-14,35 min,ES,medium,"Sra. Jiménez, 42 años, directora recursos humanos multinacional, cliente ocasional. Compra regalos retiros ejecutivos empresa programa liderazgo. Budget 10K para 5 ejecutivos. Retiro wellness resort lujo Marbella próximo mes. Quiere piezas elegantes profesionales memorables. Mix géneros edades 35-55. Empresa valores sostenibilidad importante. Cuero negro cognac navy. Ejecutivos dietas variadas varios vegetarianos veganos. Follow-up trimestral retiros regulares empresa. Excelente oportunidad corporate continua. Preguntó personalización logo empresa sutil. Muy satisfecha atención profesional."
CA_056,2026-02-14,50 min,EN,long,"Mr. Taylor, 38, professional golfer PGA Tour, first time client exceptional potential. Looking for travel pieces lifestyle professional golf circuit. Budget 16K very flexible. Travels constantly tournaments worldwide, on road 40 weeks year. Needs durable elegant functional pieces. Passionate about golf obviously, also fitness training, follows strict athlete regimen. Wife former model now sports agent represents athletes. Planning start golf academy youth after retiring few years. Vegan athlete diet performance. No allergies. Mentioned major tournament wins significant, brand partnerships several companies, good visibility potential. Wife birthday coming May gift opportunity. Anniversary August annually. Excellent new client segment professional athletes. Very active social media 500K followers lifestyle golf content. Follow up immediately after purchase maintain relationship. Invite VIP events sports-related. Asked about durability testing pieces travel wear tear important. Interested innovation materials technology lightweight durable. Could be brand ambassador if relationship develops well ongoing purchases likely."
CA_057,2026-02-17,30 min,DE,medium,"Herr Becker, 51 Jahre, Rechtsanwalt Partner Kanzlei, Stammkunde. Kauft Geschenk Ehefrau Muttertag Mai. Budget 6K. Ehefrau Lehrerin Gymnasium, liebt Literatur Theater. Reisen Theaterfestivals Salzburg Avignon. Stil klassisch elegant, bevorzugt bordeaux navy. Vegetarierin. Drei Kinder, älteste Tochter Medizinstudium, Zwillinge Söhne Gymnasium. Muttertag wichtig Familie Tradition. Kunde sehr zufrieden immer, kauft regelmäßig Anlässe. Nachfassen April Auswahl zeigen."
CA_058,2026-02-17,45 min,FR,long,"M. et Mme Garnier, couple 50-52 ans, clients VIP depuis 2014. Achat important voyage anniversaire 25 ans mariage safari luxe Kenya Tanzanie puis Seychelles. Budget combiné 22K très généreux. Lui cardiologue chef service hôpital universitaire, elle psychologue cabinet privé réputé. Tous deux passionnés photographie animalière, safari rêve longtemps planifié. Collectionnent photos grands photographes nature Salgado Arthus-Bertrand. Voyage trois semaines juillet incluant repos plage après safari. Elle élégance naturelle discrète, préfère beige cognac cuirs souples. Lui style sobre fonctionnel, kaki olive pour safari noir élégant plage. Tous deux végétariens événements. Elle allergie soleil sévère protection important même accessoires. Trois enfants adultes, fils médecin suit père, deux filles architectes. Anniversaire mariage juin chaque année tradition shopping ici. Excellents clients lifetime value élevé, réseau médical professionnel important, référé nombreux collègues. Rappeler mai preview exclusive été confirmer pièces voyage. Mentionné planifient retraite dans 5 ans, voyages fréquents futurs, excellent potentiel long terme. Très intéressés artisanat qualité durabilité pièces investissement."
CA_059,2026-02-18,25 min,IT,medium,"Signora Esposito, 36 anni, avvocato societario, nuova cliente. Cerca regalo migliore amica matrimonio prossimo mese. Budget 4K. Amica stilista brand piccolo emergente. Stile moderno creativo apprezza design innovativo. Amica pratica surf viaggia oceano frequente. Cuoio nero rosé gold. Amica pescetariana. Matrimonio marzo Sicilia. Cliente soddisfatta servizio. Mentionò fidanzato lavora finanza potenziale cliente. Richiamare estate."
CA_060,2026-02-18,40 min,ES,medium,"Sr. Ortiz, 55 años, empresario construcción, cliente regular. Compra regalos esposa cumpleaños 50 celebración grande familia. Budget 13K. Esposa decoradora interiores proyectos lujo, ama diseño arte. Celebración fiesta sorpresa 100 invitados casa. Viajan frecuente Italia Francia inspiración diseño. Ella estilo elegante sofisticado, prefiere beige cognac hardware dorado. Colecciona muebles diseño mid-century. Pescetariana ella. Cumpleaños abril próximo. Tres hijos: dos hijas casadas, hijo soltero arquitecto. Esposa mencionó siempre quiso piezas especiales únicas. Cliente muy fiel, compra regular ocasiones. Llamar marzo confirmar piezas antes fiesta. Preguntó posibilidad personalización mensaje amor grabado. Excelente cliente apreciado."
CA_061,2026-02-19,30 min,EN,medium,"Ms. Park, 34, YouTuber luxury lifestyle content 1.5M subscribers, first visit high potential. Looking for pieces content creation and personal use. Budget 14K flexible. Travels constantly luxury destinations content, next trips Dubai then Maldives. Style modern elegant on-camera appropriate. Passionate about wellness spa treatments, practices meditation. Vegan strict lifestyle choice events. No allergies. Partner tech entrepreneur also influence. Excellent visibility social media potential brand partnership. Very interested sustainability asked materials sourcing. Follow up immediately maintain relationship. Invite exclusive VIP events content opportunities. Could become brand ambassador long-term."
CA_062,2026-02-19,35 min,FR,medium,"M. Dubois, 63 ans, collectionneur art contemporain, client VIP 2010. Achat cadeau petite-fille diplomation Sciences Po Paris. Budget 7K. Petite-fille 24 ans commence carrière diplomatie, stage ONU Genève. Style jeune professionnel international, voyage beaucoup. Cuir noir cognac classique élégant. Petite-fille végétarienne. Client excellent collectionne depuis 40 ans, maison musée privé. Autre petite-fille médecine Lyon diplomation année prochaine opportunité. Anniversaire petite-fille mai. Client fidèle famille toujours satisfait. Réseau diplomatique culturel étendu. Rappeler avril."
CA_063,2026-02-20,45 min,IT,long,"Signora e Signor Moretti, coppia 44-46 anni, clienti regolari 2018. Acquisto multiplo viaggio anniversario 20 anni più regali famiglia. Budget combinato 19K. Lui dermatologo clinica propria, lei farmacista. Entrambi passione vela, possiedono barca, regate costiere estate. Viaggio anniversario Grecia isole giugno. Collezionano ceramiche greche antiche, frequentano aste. Lei stile elegante mediterraneo, preferisce azzurro bianco cognac. Lui classico nautico, navy blu marrone. Entrambi pescetariani eventi. Lui intolleranza lattosio importante. Due figli: figlia 18 studia farmacia segue madre, figlio 15 passione calcio gioca squadra giovanile. Anniversario giugno ogni anno shopping tradizione. Ottimi clienti lifetime value, rete medica professionale. Richiamare aprile confermare pezzi viaggio. Interessati personalizzazione simboli nautici greci."
CA_064,2026-02-20,25 min,ES,medium,"Sr. Vega, 27 años, streamer Twitch gaming 900K seguidores, nuevo cliente potencial. Busca piezas lujo después éxito contratos marcas. Budget 9K hoy. Estilo urbano moderno gamer pero aprecia calidad. Viaja eventos gaming torneos mundiales. Colecciona consolas vintage raras. Novia también streamer 400K seguidores. Vegano lifestyle eventos. Sin alergias. Mencionó planea comprar casa pronto, posible compras futuras decoración. Excelente nuevo segmento clientela joven gaming. Muy activo redes sociales posible visibilidad. Follow-up inmediato. Interesado tecnología materiales innovación."
CA_065,2026-02-21,40 min,DE,medium,"Frau Wagner, 51 Jahre, Professorin Kunstgeschichte Universität Berlin, treue Kundin seit 2016. Kauft Geschenke Tochter Promotion Architektur. Budget 8K. Tochter 28 Jahre promoviert nachhaltige Architektur, beginnt eigenes Büro. Beide leidenschaftlich Kunst Design, besuchen Documenta Kassel regelmäßig. Tochter praktiziert Yoga, interessiert Wellness nachhaltig Leben. Mutter sammelt Kunstbücher Erstausgaben, Tochter digitale Architektur renderings. Tochter Stil minimalistisch funktional, beige grau schwarz. Beide Vegetarier Events. Tochter Latex Allergie wichtig. Promotion Feier Mai Familie Kollegen. Kundin ausgezeichnet, empfohlen viele Akademiker Freunde. Nachfassen April. Sehr interessiert ethische Produktion Handwerk Geschichte Stücke."
CA_066,2026-02-21,50 min,EN,long,"Mr. and Mrs. Shah, both 49, excellent new clients exceptional potential. He's private equity partner, she's art curator major museum. Looking for complete wardrobe update luxury accessories after successful fund closing. Budget extremely generous 30K+ discussed. Both passionate contemporary art, just acquired major piece Damien Hirst. Travel constantly art fairs investment meetings worldwide. He plays squash competitively club level, member exclusive club. She practices pilates daily, wellness retreat quarterly. Both collect rare books first editions, library home extensive. She elegant sophisticated style, rose gold soft neutrals beige. He modern professional, wants quality functional pieces black navy. Both follow Mediterranean diet, pescatarian events. She severe shellfish allergy critical boutique lunches. Two children boarding school Switzerland, daughter 16 son 14. Anniversary September annually. Mentioned planning major charity gala art foundation autumn could be partnership opportunity. Excellent network finance art circles, can refer many high-value clients. Follow up weekly curated selections build relationship. Invite all VIP events especially art-related. Very interested bespoke customization asked about commissioning unique pieces. Top priority relationship develop carefully ongoing high-value potential."
CA_067,2026-02-24,30 min,FR,medium,"Mme Fontaine, 57 ans, directrice hôtel palace 5 étoiles, nouvelle cliente potentiel. Cherche pièces professionnelles élégantes représentation. Budget 11K. Style raffiné discret luxe hôtellerie. Voyage fréquent congrès hôteliers internationaux. Pratique golf, membre club prestigieux. Collectionne argenterie ancienne passion famille. Cuir bordeaux cognac or classique. Végétarienne événements. Mentionné hôtel organise événements luxe réguliers, possibilité partenariat boutique cadeaux VIP clients. Mari directeur finance également intéressé maroquinerie. Excellente opportunité réseau hôtellerie luxe. Rappeler mars. Fille travaille communication luxe Paris pourrait cliente."
CA_068,2026-02-24,35 min,IT,medium,"Signor Rossi, 42 anni, chef stellato Michelin ristorante Milano, nuovo cliente ottimo. Cerca regalo moglie anniversario 15 anni matrimonio. Budget 9K flessibile. Moglie sommelier ristorante stesso, coppia lavora insieme passione gastronomia. Viaggiano ricerca ingredienti produttori artigianali Francia Giappone. Moglie stile elegante professionale, preferisce cognac nero rosé gold. Collezionano bottiglie vino rare cantina impressionante. Anniversario marzo ristorante chiude settimana celebrazione privata. Entrambi pescetariani ovviamente. Moglie allergia nichel attenzione. Nessun figli focus carriera. Cliente interessante rete gastronomia lusso alta, molti clienti ristorante potenziali. Richiamare febbraio fine confermare. Interessato collaborazione evento boutique ristorante possibile."
CA_069,2026-02-25,25 min,ES,medium,"Sra. Castro, 53 años, jueza tribunal superior, cliente regular desde 2017. Compra renovación accesorios profesionales cargo nuevo presidenta asociación magistrados. Budget 7K. Estilo autoridad elegante discreto, negro navy cognac. Practica natación diaria disciplina. Colecciona libros derecho antiguo primera edición. Viaja conferencias jurídicas Europa. Vegetariana estricta eventos. Hija mayor abogada también potencial cliente, hijo menor estudia derecho. Marido arquitecto jubilado. Aniversario matrimonio octubre cada año. Cliente fiel muy satisfecha siempre servicio. Red profesional jurídica extensa. Llamar abril nuevas llegadas."
CA_070,2026-02-25,45 min,DE,long,"Herr und Frau Zimmermann, beide 39 Jahre, neue Kunden ausgezeichnetes Potenzial. Beide Ärzte, er Anästhesist sie Gynäkologin, eigene Praxis gemeinsam. Suchen Luxusaccessoires nach erfolgreichem Geschäftsjahr Praxiserweiterung. Budget großzügig 17K sehr flexibel. Beide leidenschaftlich Marathon Laufen, trainieren zusammen, laufen Berlin Marathon jährlich. Sammeln Laufschuhe vintage limitierte Editionen kurios. Reisen medizinische Konferenzen auch Marathon Events weltweit. Er funktional sportlich Stil, schwarz navy praktisch. Sie elegant professionell, beige grau rosé Gold. Beide Veganer ethische Gründe Events. Keine Allergien. Planen Hochzeit Herbst, keine Kinder noch Karriere Fokus. Hochzeit September Schwarzwald Familie Freunde. Exzellente junge Ärzte Netzwerk medizinisch groß, können viele verweisen. Sofort Follow-up Beziehung aufbauen. VIP Events einladen besonders Sport Wellness bezogen. Sehr interessiert Nachhaltigkeit Innovation Materialien, fragten detailliert Herstellungsprozess Arbeitsbedingungen. Könnten Fürsprecher nachhaltige Luxuslinie sein entwickelt wird. Top Priorität Kundenbeziehung sorgfältig pflegen hoher Wert langfristig."
CA_071,2026-02-26,30 min,FR,medium,"M. Lambert, 48 ans, producteur cinéma films auteur, client occasionnel. Cherche cadeaux équipe film primé festival Cannes. Budget 12K pour 6 personnes. Film sélection officielle mai grande opportunité. Équipe réalisatrice acteurs producteurs. Veut pièces mémorables élégantes variées goûts. Cuirs couleurs classiques noir cognac navy. Réalisatrice végane, acteur principal pescetarien. Festival mai donc urgent confirmer. Client connecté milieu cinéma art, beaucoup contacts potentiels. Mentionné si film succès, budget futurs projets beaucoup plus important. Rappeler avril coordonner livraison Cannes possible. Opportunité visibilité festival tapis rouge."
CA_072,2026-02-26,40 min,EN,medium,"Mrs. Bennett, 44, television presenter news anchor national network, regular client since 2019. Shopping for on-camera professional wardrobe update new show starting. Budget 10K. Style polished elegant camera-appropriate, needs versatile pieces. Passionate about journalism investigative reporting, travels conflict zones documentaries. Practices kickboxing fitness stress relief. Collects vintage cameras photography hobby. Prefers timeless classic pieces black navy burgundy. Vegan lifestyle choice events. No allergies. Mentioned show prime time slot major opportunity career. Husband documentary filmmaker also potential client. Anniversary July annually. Good client consistent purchases, good media visibility potential. Follow up March show launches. Network broadcasting media extensive could refer colleagues."
CA_073,2026-02-27,50 min,IT,long,"Famiglia Benedetti completa, shopping multi-generazionale evento importante. Nonno 78 anni, genitori 52-54, figlia 26 figlio 23 anni. Budget familiare combinato eccezionale 24K. Nonno eleganza classica senza tempo, collezionista orologi vintage. Padre imprenditore moda dirige brand famiglia terza generazione. Madre stilista brand stesso, creatività famiglia. Figlia fashion buyer grande magazzino Londra, figlio studia business moda Parigi. Celebrano anniversario 50 anni brand famiglia evento grande settembre Milano. Nonno preferisce tradizionale cognac marrone argento. Genitori moderni sofisticati, madre avant-garde colorata audace, padre classico raffinato nero navy. Figlia stile giovane trendy sostenibilità importante generazione. Figlio urbano minimale funzionale. Nonno pescetariano, genitori onnivori, figlia vegana figlio vegetariano eventi. Madre allergia nichel importante. Famiglia moda generazioni, rete industry vastissima, clienti potenziali infiniti. Evento settembre Milan Fashion Week coincide sfilata, possibile collaborazione boutique sponsorship. Richiamare luglio coordinare tutto evento. Interessati collezione capsule collaborazione famiglia brand possibile discussione futura. Cliente priorità massima lifetime value straordinario relazione coltivare attentamente."
CA_074,2026-02-27,25 min,ES,medium,"Sr. Herrera, 35 años, jugador tenis profesional ATP top 50, primera visita excelente potencial. Busca piezas viaje circuito profesional calidad. Budget 11K flexible. Viaja constantemente torneos mundiales, próximos Roland Garros Wimbledon. Necesita funcional durable elegante. Practica obviamente tenis también fitness entrenamiento riguroso. Novia fisioterapeuta deportiva equipo. Vegano atleta rendimiento dieta. Sin alergias. Mencionó victoria reciente torneo importante, patrocinios varias marcas visibilidad buena. Cumpleaños novia junio oportunidad regalo. Aniversario relación agosto. Excelente nuevo cliente segmento atletas profesionales. Activo redes sociales 300K seguidores contenido tenis lifestyle. Follow-up inmediato mantener relación. Invitar eventos VIP deportivos. Preguntó durabilidad piezas viajes constantes importante. Interesado innovación materiales tecnología."
CA_075,2026-03-02,35 min,DE,medium,"Frau Schulz, 46 Jahre, Galeristin zeitgenössische Fotografie Hamburg, regelmäßige Kundin. Kauft Geschenk Schwester 50. Geburtstag großes Ereignis. Budget 8K. Schwester Ärztin Kinderärztin, liebt Kinder Beruf Berufung. Reist medizinische Hilfsorganisation Afrika jährlich. Stil praktisch elegant, bevorzugt cognac beige erdtöne. Schwester Vegetarierin. Geburtstag April Familie Freunde groß. Kundin selbst sammelt Fotografie investiert Künstler aufstrebende. Schwester zwei Kinder Teenager. Kundin zufrieden immer, Netzwerk Kunst Kultur Hamburg groß. Nachfassen März Auswahl zeigen. Schwester schätzt Handwerk Qualität Langlebigkeit Reisen robust."
CA_076,2026-03-02,45 min,FR,long,"M. et Mme Rousseau, couple 55-57 ans, clients VIP excellents depuis 2013. Achat voyage croisière luxe tour monde 3 mois départ mai. Budget combiné très généreux 26K. Lui architecte renommé projets internationaux retraite récente, elle historienne art professeur Sorbonne également retraite. Tous deux passionnés voyages culture, croisière rêve planifié années. Visitent musées sites historiques 20 pays parcours. Collectionnent art primitif africain océanien, maison collection impressionnante. Voyage mai août incluant Asie Océanie Amérique Sud. Elle élégance intellectuelle raffinée, préfère cuirs naturels beige cognac tissus ethniques. Lui style professeur sobre classique, marine gris. Tous deux végétariens depuis toujours événements. Lui allergie fruits coque sévère critique croisière. Trois enfants adultes établis, cinq petits-enfants. Anniversaire mariage juin pendant croisière tradition continuer. Excellents clients lifetime value élevé, réseau académique culturel étendu international, référé nombreux professeurs. Rappeler avril dernier ajustements avant départ. Mentionné retour croisière planifient livre voyage publier, possibilité mention boutique reconnaissance. Très intéressés artisanat histoire pièces, apprécient qualité héritage transmission. Clients précieux relation long terme entretenir soigneusement."
CA_077,2026-03-03,30 min,EN,medium,"Mr. Phillips, 41, venture capitalist tech startups, new client high potential. Looking for professional pieces after recent successful exits. Budget 15K very flexible. Invests AI companies, travels Silicon Valley Asia constantly. Passionate about innovation technology, follows emerging trends. Plays tennis weekends, member club. Collects modern art digital NFTs combination. Vegan tech lifestyle choice events. No allergies. Partner works Google senior position also potential. Planning move San Francisco London offices both. Excellent new tech segment client. Very active LinkedIn Twitter thought leader 100K followers. Follow up immediately relationship. Invite VIP events tech innovation related. Asked about technology integration products smart features interested."
CA_078,2026-03-03,40 min,IT,medium,"Signora Caruso, 58 anni, direttrice orchestra sinfonica Napoli, nuova cliente eccellente. Cerca pezzi eleganti professionali rappresentanza internazionale. Budget 12K. Stile raffinato artistico, viaggia tournée concerti mondiale. Passione musica classica ovviamente, colleziona spartiti antichi rari. Pratica tai chi meditazione disciplina mentale. Marito scultore artista, coppia artistica. Cuoio bordeaux cognac hardware argento classico elegante. Pescetariana eventi. Allergia profumi forti sensibilità importante. Mentionò orchestra tournée Asia estate Giappone Corea, serve pezzi viaggio qualità. Figlia violinista orchestra anche, figlio ingegnere. Anniversario matrimonio novembre. Cliente potenziale ottimo rete culturale musicale vastissima. Richiamare aprile preview. Interessata artigianalità storia pezzi apprezza profondamente."
CA_079,2026-03-04,25 min,ES,medium,"Sra. Romero, 37 años, arquitecta proyectos sostenibles, cliente ocasional. Compra regalo hermana boda próximo mes. Budget 5K. Hermana diseñadora gráfica freelance estilo creativo moderno. Practica yoga escalada deportes aventura. Cuero negro cognac rosé gold. Hermana vegana valores fuertes. Boda abril Barcelona playa. Cliente satisfecha servicio. Mencionó proyecto grande edificio sostenible premio arquitectura posible, futuras compras probable éxito. Marido ingeniero también potencial. Llamar verano."
CA_080,2026-03-04,50 min,EN,long,"Dr. and Mrs. Anderson, both 62, long-time exceptional VIP clients since 2009. Shopping for retirement celebration gifts themselves and family members. Combined budget very generous 28K+. He's retiring cardiologist 35 years practice, she's retired psychologist. Planning extended travel retirement year exploring world. Both passionate about literature, book club members decades. Travel cultural historical sites, next year visiting New Zealand Australia then South America. He collects rare medical history books, she collects poetry first editions. Both active hikers nature lovers despite age, walk daily. She elegant classic timeless style, burgundy navy cognac. He functional quality pieces, wants durable travel-appropriate black brown. Both vegetarian 20 years events. She severe latex allergy critical. Three children successful careers, six grandchildren ages 4-14. Retirement party June large gathering 150 people medical community. Anniversary August annually tradition shopping here always. Exceptional clients lifetime value extraordinary, medical community network extensive referred countless colleagues over years. Follow up May final preparations party. Planning cruise September extended family three generations could be gifting opportunities. Very interested heritage craftsmanship quality lasting pieces pass down grandchildren. Treasure clients relationship maintained carefully appreciation loyalty years. Top priority maintain excellent service relationship continues."
CA_081,2026-03-05,30 min,FR,medium,"Mme Leclerc, 41 ans, avocate environnement, nouvelle cliente potentiel. Cherche pièces professionnelles travail ONG international. Budget 8K. Style sobre élégant, valeurs durabilité importantes. Voyage missions Afrique Asie régulièrement. Pratique yoga méditation, retraites wellness occasionnels Bali. Cuir cognac beige matériaux éthiques préférence. Végane stricte convictions événements. Aucune allergie. Mari photographe documentaire voyagent ensemble missions. Très intéressée transparence chaîne approvisionnement, posa beaucoup questions éthique. Pourrait devenir cliente ambassadrice luxe durable si développé. Rappeler avril. Réseau ONG environnement étendu."
CA_082,2026-03-05,35 min,EN,medium,"Mr. Thompson, 36, hedge fund analyst, regular client. Shopping for sister's 30th birthday gift. Budget 6K. Sister works fashion PR agency London, style trendy modern follows trends. Loves travel Instagram content 80K followers lifestyle. Practices pilates barre fitness. Sister vegan lifestyle. Birthday next month April. Client satisfied always purchases family gifts here. Mentioned bonus coming year-end could shop more personal. Wife expecting baby first child autumn gift opportunities. Follow up March show selection. Good steady client family occasions."
CA_083,2026-03-06,45 min,DE,long,"Herr und Frau Bauer, beide 48 Jahre, ausgezeichnete Kunden seit 2015. Einkauf wichtige Reise Jubiläum 20 Jahre Ehe Safari Luxus Botswana. Budget kombiniert 20K großzügig flexibel. Er Zahnarzt eigene Praxis erfolgreich, sie Apothekerin. Beide leidenschaftlich Tierfotografie Naturdokumentation, Safari Traum lange geplant. Sammeln Tierfotografie Bücher Kunstdrucke Afrika. Reise Juni drei Wochen inklusiv Viktoriafälle Kapstadt. Sie elegant natürlich Stil, bevorzugt khaki beige Safari dann schwarz elegant Kapstadt. Er funktional praktisch, olive braun Safari navy schwarz Stadt. Beide Pescetarier Events. Sie Sonnenallergie schwer Schutz wichtig Accessoires auch. Zwei Kinder Teenager, Tochter studiert Veterinärmedizin Sohn Gymnasium Biologie. Hochzeitstag Mai jedes Jahr Einkauf Tradition hier. Ausgezeichnete Kunden Lifetime Value hoch, Netzwerk medizinisch zahnärztlich Kollegen verwiesen bereits. Nachfassen April letzte Vorbereitungen Reise bestätigen. Erwähnt planen Ruhestand fünf Jahre, Reisen häufiger zukünftig ausgezeichnet Potenzial langfristig. Sehr interessiert Handwerk Qualität Haltbarkeit Investitionsstücke Reisen robust."
CA_084,2026-03-06,25 min,IT,medium,"Signora Mancini, 39 anni, giornalista televisione, cliente occasionale. Acquista regalo marito compleanno 40 anni. Budget 5K. Marito avvocato diritti umani ONU Ginevra. Stile classico professionale, viaggia molto lavoro. Pratica corsa maratone. Cuoio nero cognac. Marito vegetariano. Compleanno aprile. Cliente soddisfatta servizio. Mentionò trasferimento New York possibile prossimo anno, potrebbe continuare cliente. Richiamare estate."
CA_085,2026-03-09,40 min,ES,medium,"Sr. y Sra. Delgado, 56-58 años, clientes VIP excelentes desde 2014. Compra viaje aniversario 30 años matrimonio crucero Alaska verano. Presupuesto combinado 16K flexible. Él ingeniero civil proyectos grandes infraestructura, ella profesora universidad literatura. Ambos pasión lectura, biblioteca casa extensa colección libros raros. Viaje julio agosto Alaska crucero naturaleza. Coleccionan mapas antiguos exploraciones. Ella elegancia intelectual, prefiere gris azul colores fríos Alaska tema. Él clásico funcional, navy marrón. Ambos pescetarianos eventos. Él intolerancia gluten importante. Dos hijos adultos, hija profesora Madrid hijo ingeniero Barcelona. Aniversario junio cada año shopping ritual. Excelentes clientes lifetime value, red académica profesional ingeniería referido colegas. Llamar mayo confirmar piezas viaje. Muy aprecian artesanía historia piezas, disfrutan narrativa detrás objetos."
CA_086,2026-03-09,50 min,EN,long,"Mrs. Harrison and mother shopping together, multi-generational excellent clients. Mrs. Harrison 47 barrister QC, mother 72 retired diplomat. Combined budget 18K. Mother elegant classic timeless style, decades diplomatic service worldwide lived many countries. Collects diplomatic memorabilia, house museum personal history. Daughter modern professional sophisticated, busy court schedule. Both passionate about theater opera, season tickets Royal Opera House. Travel cultural trips, just returned India next planning Egypt. Mother prefers burgundy navy gold classic diplomatic elegance. Daughter wants versatile professional pieces rose gold black cognac. Both vegetarian events. Mother severe nut allergy critical boutique events. Mentioned mother's 75th birthday coming this year September big family celebration. Daughter's husband architect two children teenagers boarding school. Anniversary mother's late husband June memory honors annually. Excellent multi-generational lifetime value, diplomatic legal network extensive internationally referred many over years. Follow up July summer collection preview. Very interested heritage craftsmanship, mother shared stories diplomatic gifts received career appreciates quality artisanship. Top relationship maintain carefully ongoing loyalty years appreciated."
CA_087,2026-03-10,30 min,FR,medium,"M. Blanc, 44 ans, restaurateur étoilé Michelin, nouveau client excellent. Cherche cadeaux équipe cuisine service étoile obtenue récemment. Budget 10K pour 5 personnes clés. Restaurant obtenu étoile février célébration grande. Équipe chef pâtissier sommelier maître hôtel sous-chef. Veut remercier pièces mémorables qualité. Cuirs couleurs variées classiques. Équipe diète variée plusieurs végétariens. Client passionné gastronomie vin, cave restaurant impressionnante. Très satisfait service boutique. Mentionné si deuxième étoile obtenue futur, reviendra budget plus important. Réseau gastronomie luxe excellent potentiel. Rappeler été. Possible collaboration événement restaurant boutique discuté."
CA_088,2026-03-10,35 min,DE,medium,"Frau Klein, 52 Jahre, Verlegerin Kunstbücher, Stammkundin seit 2017. Kauft Geschenk Autorin Bestseller Kunstgeschichte Buchveröffentlichung. Budget 7K. Autorin 45 Jahre Professorin Kunstgeschichte, Buch große Erfolg Kritik. Stil intellektuell elegant, reist Buchpräsentationen Europa. Vegetarierin. Buchpräsentation Mai große Event Buchmesse Frankfurt. Kundin selbst sammelt Kunstbücher Erstausgaben, Haus Bibliothek beeindruckend. Exzellente Kundin, Netzwerk Verlags Kunstwelt groß verwiesen viele Autoren Künstler. Nachfassen April koordinieren. Interessiert limitierte Editionen künstlerische Kooperationen."
CA_089,2026-03-11,40 min,IT,medium,"Signor Greco, 50 anni, direttore banca investimenti, cliente regolare 2016. Acquista regali moglie anniversario e madre festa mamma. Budget combinato 14K. Moglie 48 anni insegnante liceo letteratura, ama leggere teatro. Madre 75 anni pensionata maestra, eleganza classica tradizionale. Moglie stile elegante professionale, preferisce bordeaux navy. Madre tradizionale cognac oro. Anniversario matrimonio maggio, festa mamma stesso mese. Entrambe vegetariane eventi. Moglie allergia nichel importante. Due figli: figlia università economia figlio liceo. Cliente fedele soddisfatto sempre. Rete bancaria finanziaria contatti numerosi. Richiamare aprile selezione mostrare. Famiglia unita tradizioni importanti."
CA_090,2026-03-11,45 min,ES,long,"Sra. Vargas y esposo, 43-45 años, clientes excelentes nuevos alto potencial. Ella empresaria tech startup unicornio exit reciente, él arquitecto proyectos sostenibles. Buscan renovación completa accesorios lujo después éxito financiero. Presupuesto muy generoso 22K+ flexible. Ella estilo moderno profesional tech, aprecia innovación calidad. Él arquitecto sostenible minimalista funcional. Ambos pasión diseño arquitectura, coleccionan muebles diseño escandinavo. Viajan constantemente conferencias tech ferias diseño. Ella practica running maratones, él ciclismo montaña. Ambos veganos éticos fuertes valores sostenibilidad eventos. Sin alergias. Planean boda otoño después años relación, oportunidad regalos invitados. Excelente nuevo segmento clientela joven rica tech consciencia ambiental. Muy activos redes sociales ella 150K seguidores tech entrepreneurship. Follow-up semanal relación construir. Invitar eventos VIP especialmente innovación sostenibilidad relacionados. Muy interesados transparencia materiales origen ético, preguntaron detallado cadena suministro condiciones trabajadores. Podrían ser defensores línea lujo sostenible si desarrolla. Prioridad máxima relación cuidar potencial alto largo plazo."
CA_091,2026-03-12,25 min,FR,medium,"Mme Mercier, 37 ans, dentiste, nouvelle. Achat rapide cadeau meilleure amie mariage. Budget 4K. Amie designer graphique freelance style créatif. Pratique escalade week-ends. Cuir noir rosé gold. Amie végane. Mariage mai Bretagne. Satisfaite. Mentionné cabinet ouvre associée bientôt, futures opportunités cadeaux professionnels. Rappeler été."
CA_092,2026-03-12,50 min,EN,long,"Mr. and Mrs. Wellington, both 59, exceptional long-time VIP clients since 2008. Shopping for extended family gifts daughter's wedding June. Combined budget extremely generous 32K+. He's retired investment banker, she's art consultant private collections. Daughter marrying Oxford professor classics, wedding Oxford college traditional elegant affair 300 guests. Looking for gifts bridesmaids groomsmen parents family members special pieces. Daughter 31 works museum curator, passionate ancient history art. Groom's family academic distinguished professors. Both passionate about classical music art, collectors rare manuscripts. Travel extensively art auctions acquisitions, just returned Christie's London planning Sotheby's New York. She impeccable taste elegant sophisticated, rose gold burgundy cognac neutrals. He classic traditional, wants quality timeless pieces black navy brown. Both vegetarian 15 years events. She latex allergy severe critical. Son 28 works finance London married two grandchildren. Daughter's wedding June major family event year. Anniversary October annually tradition shopping here decades. Exceptional clients lifetime value extraordinary highest tier, art collecting finance network international extensive referred countless high-value clients years. Follow up monthly wedding preparations coordinate everything. Very interested bespoke customization commissioned several pieces past, asked about unique pieces wedding party personalized meaningful. Planning major charitable gala art foundation autumn after wedding could be partnership sponsorship opportunity. Treasure clients relationship decades maintained impeccably appreciation loyalty extraordinary. Absolute top priority relationship continue excellence service maintain carefully ongoing."
CA_093,2026-03-13,30 min,DE,medium,"Herr Richter, 46 Jahre, Pilot Langstrecke internationale Airline, neuer Kunde. Sucht Geschenke Ehefrau Stewardess gleiche Airline kennen gelernt. Budget 9K. Beide reisen ständig beruflich, nächste freie Woche Urlaub Malediven geplant. Ehefrau Stil elegant reisefreundlich praktisch. Sammeln Souvenirs Destinationen weltweit. Hochzeitstag April. Beide praktizieren Tauchen Unterwasserfotografie Hobby. Pescetarier beide. Keine Allergien. Kunde zufrieden Service, erwähnt viele Kollegen Piloten Crew potenzielle Kunden Flughafen Nähe bequem. Follow-up gut Beziehung. Airline Netzwerk international interessant."
CA_094,2026-03-13,35 min,IT,medium,"Signora Romano, 54 anni, psicologa clinica studio privato, cliente occasionale. Acquista regalo figlia laurea psicologia università Milano. Budget 6K. Figlia 25 anni inizia master clinica continua studi. Stile giovane professionale, pratica danza contemporanea hobby. Cuoio cognac nero rosé gold. Figlia vegetariana. Laurea giugno cerimonia famiglia. Madre colleziona libri psicologia prima edizione Freud Jung. Figlia fidanzata medico anche potenziale cliente futuro. Cliente soddisfatta servizio. Rete professionale psicologi medici buona. Richiamare maggio."
CA_095,2026-03-16,45 min,FR,long,"M. et Mme Chevalier, couple 50-52 ans, excellents clients VIP depuis 2012. Achat important voyage anniversaire 25 ans mariage Japon cerisiers floraison. Budget combiné 24K très généreux. Lui professeur littérature japonaise Sorbonne spécialiste, elle traductrice japonais français. Tous deux passionnés culture japonaise toute vie, voyage rêve planifié années. Collectionnent estampes japonaises ukiyo-e, maison décoration japonaise zen. Voyage avril mai incluant Tokyo Kyoto Hiroshima cérémonie floraison. Elle élégance minimaliste japonaise, préfère beige gris noir esthétique wabi-sabi. Lui style sobre professeur, marine gris. Tous deux végétariens zen événements. Aucune allergie. Deux enfants adultes, fille traductrice aussi suit mère, fils travaille diplomatie Tokyo. Anniversaire mariage mai pendant voyage tradition continuer. Excellents clients lifetime value élevé, réseau académique japonisant France international, référé nombreux professeurs étudiants. Rappeler mars dernier ajustements voyage. Mentionné livre co-écrivent culture japonaise publier automne, possibilité mention boutique appréciation. Très intéressés artisanat japonais histoire pièces, apprécient qualité esthétique minimaliste zen durabilité. Clients précieux relation long terme entretenir soigneusement."
CA_096,2026-03-16,30 min,ES,medium,"Sr. Silva, 40 años, periodista investigación premiado, cliente regular. Compra regalo esposa cumpleaños 38 años. Budget 7K. Esposa fotógrafa documentalista proyectos sociales. Viajan juntos misiones reportajes mundial zonas conflicto. Esposa estilo práctico elegante, necesita funcional durable viajes difíciles. Cuero negro cognac resistente. Ambos vegetarianos. Cumpleaños abril. Pareja apasionada justicia social derechos humanos. Mencionó proyecto documentación importante premiado posible, futuro compras probable éxito. Hijo adolescente 14 años. Red periodismo internacional contactos. Llamar mayo."
CA_097,2026-03-17,40 min,EN,medium,"Mrs. Cooper, 46, surgeon orthopedic hospital private practice, regular client since 2018. Shopping for professional wardrobe update promotion department head. Budget 11K. Style professional elegant appropriate medical setting. Passionate about marathon running training Boston Marathon. Travels medical conferences presentations international. Collects medical history artifacts curiosity professional. Prefers classic timeless pieces black navy burgundy. Vegan lifestyle choice events. Latex allergy occupational important. Mentioned daughter studying medicine follows career, son engineering university. Husband architect also potential client. Anniversary September annually. Good client consistent purchases, medical network extensive colleagues referred. Follow up April spring collection. Interested quality craftsmanship durability investment pieces professional use."
CA_098,2026-03-17,50 min,DE,long,"Herr und Frau Fischer, beide 54 Jahre, ausgezeichnete treue Kunden seit 2011. Einkauf wichtig Feier Silberhochzeit 25 Jahre große Party Familie Freunde. Budget kombiniert sehr großzügig 21K. Er Rechtsanwalt Partner große Kanzlei Frankfurt, sie Innenarchitektin eigenes Büro erfolgreich. Beide leidenschaftlich Oper klassische Musik, Abonnement Staatsoper jahrelang. Sammeln Opernprogramme signiert Künstler, Haus voll Memorabilia. Party Mai Hotel luxuriös 200 Gäste Kollegen Familie Freunde. Sie elegant raffiniert Stil, bevorzugt rosé Gold bordeaux cognac. Er klassisch traditionell, schwarz navy silber. Beide Pescetarier Events. Sie Nickelallergie beachten Hardware. Drei Kinder erwachsen erfolgreich: Tochter Ärztin Hamburg, Sohn Anwalt München folgt Vater, jüngste Tochter Architektin folgt Mutter Berlin. Familie eng verbunden Traditionen wichtig. Hochzeitstag Mai jedes Jahr Einkauf Ritual hier Jahrzehnt. Ausgezeichnete Kunden Lifetime Value außergewöhnlich höchste Stufe, Netzwerk Recht Architektur Kultur Frankfurt international ausgedehnt, verwiesen zahlreiche hochwertige Kunden Jahre. Follow-up monatlich Party Vorbereitungen koordinieren alles. Sehr interessiert Handwerk Personalisierung, beauftragt mehrere Stücke Vergangenheit individuell, fragten einzigartige Stücke Party bedeutungsvoll persönlich. Planen große Reise Weltreise Ruhestand fünf Jahre Geschenk sich selbst, könnte Ausstattung Opportunity. Schatz Kunden Beziehung Jahrzehnte makellos gepflegt Wertschätzung Loyalität außergewöhnlich. Absolute höchste Priorität Beziehung fortsetzen Exzellenz Service sorgfältig weiter pflegen."
CA_099,2026-03-18,25 min,FR,medium,"M. Fabre, 58 ans, notaire, client fidèle. Achat cadeau épouse fête mères. Budget 5K. Épouse professeur musique conservatoire, adore piano classique. Style élégant traditionnel. Cuir bordeaux or. Végétarienne épouse. Fête mères mai. Trois enfants adultes tous mariés six petits-enfants. Client toujours satisfait achats réguliers occasions familiales. Rappeler juillet."
CA_100,2026-03-18,55 min,EN,long,"Sir Richard and Lady Catherine, both 68, extraordinary VIP clients since 2005. Shopping for grandchildren university graduations and family milestone gifts. Combined budget exceptionally generous 35K+. He retired senior diplomat knighted service, she retired headmistress prestigious boarding school. Both distinguished accomplished careers public service education. Passionate about history literature, enormous library home accumulated decades. Travel extensively cultural historical tours, National Trust members visit stately homes regularly. Collect antique maps rare books, house treasure trove family heirlooms generations. Four grandchildren graduating this year: two Oxford, one Cambridge, one Edinburgh, ages 21-23. Looking graduation gifts also silver wedding anniversary gift son daughter-in-law July. She impeccable elegant timeless style decades refined taste, burgundy navy gold heritage pieces. He distinguished gentleman classic traditional, wants quality pieces pass down generations black brown silver. Both vegetarian decades events lifestyle choice. She severe peanut allergy critical boutique events decades known. Three children successful: son barrister QC, daughter museum director, youngest son academic Oxford professor. Family distinguished accomplished traditions heritage important values instilled generations. Anniversary late spring tradition shopping here two decades never missed. Extraordinary clients lifetime value exceptional highest possible tier, aristocratic diplomatic academic network Britain internationally unparalleled, referred countless distinguished clients years relationships decades. Follow up monthly graduations anniversary coordinate everything meticulously. Very interested heritage provenance craftsmanship, appreciate history stories pieces, several commissioned bespoke items years family crests meaningful. Planning major family reunion estate Scotland autumn all children grandchildren, could be multiple gifting opportunities. Treasure clients relationship two decades impeccable maintained highest standards, appreciation loyalty extraordinary beyond measure. Absolute pinnacle priority relationship continue utmost excellence service maintain precious carefully ongoing years come. Perfect finale dataset exceptional distinguished clients."
